sample_name,measurement_date,photo_number,snail_number,length,width
BRB1,20251103,3(Length),1,10.55,6.04
BRB1,20251103,3(Length),2,6.35,3.8
BRB1,20251103,3(Length),3,5.95,3.89
BRB1,20251103,3(Length),4,9.06,5.75
BRB1,20251103,3(Length),5,6.15,3.84
BRB1,20251103,3(Length),6,8.67,4.99
BRB1,20251103,3(Length),7,5.12,3.42
BRB1,20251103,3(Length),8,4.96,3.21
BRB1,20251103,3(Length),9,8.18,4.7
BRB1,20251103,3(Length),10,11.29,6.85
BRB6,20251103,7(Length),1,12.89,7.84
BRB6,20251103,7(Length),2,11.98,7.27
BRB6,20251103,7(Length),3,8.12,4.82
BRB6,20251103,7(Length),4,8.99,5.55
BRB6,20251103,7(Length),5,7.96,4.67
BRB6,20251103,7(Length),6,11.1,7.2
BRB6,20251103,7(Length),7,9.33,5.55
BRB6,20251103,7(Length),8,6.03,3.75
BRB6,20251103,7(Length),9,6.79,4.22
BRB6,20251103,7(Length),10,6.06,3.83
BRG4,20251103,6(Length),1,5.51,3.31
BRG4,20251103,6(Length),2,5.35,3.08
BRG4,20251103,6(Length),3,4.18,2.72
BRG4,20251103,6(Length),4,7.83,4.55
BRG4,20251103,6(Length),5,7.25,4.63
BRG4,20251103,6(Length),6,8.47,5.43
BRG4,20251103,6(Length),7,10.94,6.48
BRG4,20251103,6(Length),8,9.42,6.19
BRG4,20251103,6(Length),9,12.38,7.49
BRG4,20251103,6(Length),10,9.15,5.64
CRG2,20251103,1(Length),1,7.89,5.16
CRG2,20251103,1(Length),2,9.95,5.78
CRG2,20251103,1(Length),3,7.14,4.36
CRG2,20251103,1(Length),4,6.07,3.67
CRG2,20251103,1(Length),5,7.98,4.46
CRG2,20251103,1(Length),6,6.08,3.91
CRG2,20251103,1(Length),7,6.7,3.8
CRG2,20251103,1(Length),8,10.3,6.56
CRG2,20251103,1(Length),9,11.74,7.31
CRG3,20251103,5(Length),1,10.11,5.95
CRG3,20251103,5(Length),2,4.29,2.79
CRG3,20251103,5(Length),3,10.42,6.2
CRG3,20251103,5(Length),4,9.12,5.85
CRG3,20251103,5(Length),5,11.05,6.59
CRG3,20251103,5(Length),6,5.62,3.29
CRG3,20251103,5(Length),7,10.14,5.99
CRG3,20251103,5(Length),8,4.09,2.66
CRG3,20251103,5(Length),9,9.18,5.65
CRG3,20251103,5(Length),10,6.54,3.85
CRG6,20251103,2(Length),1,11.19,6.97
CRG6,20251103,2(Length),2,12.82,8.13
CRG6,20251103,2(Length),3,13.36,8.56
CRG6,20251103,2(Length),4,13.01,8.02
CRG6,20251103,2(Length),5,14.89,9.08
CRG6,20251103,2(Length),6,12.85,7.7
RIB2,20251103,4(Length),1,7.66,4.61
RIB2,20251103,4(Length),2,5.41,3.34
RIB2,20251103,4(Length),3,6.1,3.72
RIB2,20251103,4(Length),4,8.09,5.22
RIB2,20251103,4(Length),5,10.62,6.19
RIB2,20251103,4(Length),6,6.09,3.83
RIB2,20251103,4(Length),7,8.19,5.17
RIB2,20251103,4(Length),8,10.33,6.09
RIB2,20251103,4(Length),9,12.61,7.37
RIB2,20251103,4(Length),10,12.17,6.89
BRG2,20251110,10(Length),1,10.96,6.21
BRG2,20251110,10(Length),2,8.27,5.03
BRG2,20251110,10(Length),3,6.59,3.78
BRG2,20251110,10(Length),4,5.94,3.46
BRG2,20251110,10(Length),5,8.82,5.72
BRG2,20251110,10(Length),6,6.8,4.27
BRG2,20251110,10(Length),7,5.03,3.26
BRG2,20251110,10(Length),8,7.18,4.28
BRG2,20251110,10(Length),9,5.75,3.7
BRG2,20251110,10(Length),10,9.07,5.79
BRG3,20251110,18(Length),1,4.31,2.69
BRG3,20251110,18(Length),2,7.43,4.29
BRG3,20251110,18(Length),3,9.91,5.69
BRG3,20251110,18(Length),4,10.1,5.76
BRG3,20251110,18(Length),5,4.07,3.06
BRG3,20251110,18(Length),6,7.77,4.73
BRG3,20251110,18(Length),7,7.97,5.02
BRG3,20251110,18(Length),8,11.41,6.98
BRG3,20251110,18(Length),9,10.14,6.23
BRG3,20251110,18(Length),10,8.84,5.24
BRG6,20251110,9(Length),1,7.53,4.8
BRG6,20251110,9(Length),2,4.44,3.26
BRG6,20251110,9(Length),3,5.82,3.69
BRG6,20251110,9(Length),4,13.16,8.66
BRG6,20251110,9(Length),5,5.01,2.69
BRG6,20251110,9(Length),6,7.57,4.23
BRG6,20251110,9(Length),7,8.47,4.59
BRG6,20251110,9(Length),8,8.28,4.79
BRG6,20251110,9(Length),9,14.13,7.97
BRG6,20251110,9(Length),10,11.01,6.5
BRR3,20251110,8(Length),1,10.15,6.29
BRR3,20251110,8(Length),2,9.55,5.89
BRR3,20251110,8(Length),3,8.78,5.53
BRR3,20251110,8(Length),4,8.91,5.78
BRR3,20251110,8(Length),5,7.64,4.95
BRR3,20251110,8(Length),6,10.39,6.14
BRR3,20251110,8(Length),7,6.77,4.07
BRR3,20251110,8(Length),8,10.16,5.65
BRR3,20251110,8(Length),9,10.41,6.22
BRR3,20251110,8(Length),10,8.81,5.22
CRB1,20251110,14(Length),1,9.86,5.43
CRB1,20251110,14(Length),2,7.33,4.31
CRB1,20251110,14(Length),3,4.81,2.94
CRB1,20251110,14(Length),4,7.05,4.36
CRB1,20251110,14(Length),5,6.82,4.04
CRB1,20251110,14(Length),6,4.33,2.26
CRB1,20251110,14(Length),7,5.69,3.31
CRB1,20251110,14(Length),8,5.19,2.99
CRB1,20251110,14(Length),9,8.69,5.39
CRB1,20251110,14(Length),10,11.03,6.86
CRB2,20251110,17(Length),1,13.32,7.34
CRB2,20251110,17(Length),2,11.27,6.55
CRB2,20251110,17(Length),3,9.47,5.81
CRB2,20251110,17(Length),4,6.58,3.82
CRB2,20251110,17(Length),5,5.5,3.44
CRB2,20251110,17(Length),6,5.09,3.1
CRB2,20251110,17(Length),7,8.83,5.23
CRB2,20251110,17(Length),8,13.23,7.6
CRB2,20251110,17(Length),9,11.68,6.89
CRB2,20251110,17(Length),10,9.82,5.91
CRB5,20251110,13(Length),1,8.71,5.37
CRB5,20251110,13(Length),2,14.41,8.89
CRB5,20251110,13(Length),3,6.44,3.79
CRB5,20251110,13(Length),4,7.85,4.54
CRB5,20251110,13(Length),5,9.81,5.45
CRB5,20251110,13(Length),6,10.08,5.95
CRB5,20251110,13(Length),7,8.62,5.11
CRB5,20251110,13(Length),8,5.61,3.25
CRB5,20251110,13(Length),9,12.53,7.21
CRB5,20251110,13(Length),10,5.52,3.36
RIB3,20251110,19(Length),1,13.02,7.63
RIB3,20251110,19(Length),2,9.72,5.63
RIB3,20251110,19(Length),3,11.01,6.68
RIB3,20251110,19(Length),4,15.46,9.35
RIB3,20251110,19(Length),5,12.51,7.75
RIB3,20251110,19(Length),6,15.09,8.25
RIB6,20251110,11(Length),1,13.91,8.59
RIB6,20251110,11(Length),2,6.45,3.85
RIB6,20251110,11(Length),3,15.08,9.34
RIB6,20251110,11(Length),4,8.39,4.58
RIB6,20251110,11(Length),5,7.41,4.7
RIG1,20251110,15(Length),1,11.27,6.6
RIG1,20251110,15(Length),2,8.84,4.7
RIG1,20251110,15(Length),3,11.89,6.43
RIG1,20251110,15(Length),4,4.07,2.34
RIG1,20251110,15(Length),5,7.89,4.81
RIG1,20251110,15(Length),6,5.73,3.3
RIG1,20251110,15(Length),7,5.81,3.44
RIG1,20251110,15(Length),8,6.4,3.55
RIG1,20251110,15(Length),9,5.75,3.69
RIG1,20251110,15(Length),10,10,6.14
RIG2,20251110,16(Length),1,9.96,5.84
RIG2,20251110,16(Length),2,9.11,5.28
RIG2,20251110,16(Length),3,10.25,6.29
RIG2,20251110,16(Length),4,10.05,5.79
RIG2,20251110,16(Length),5,12.58,7.92
RIG2,20251110,16(Length),6,14.11,8.87
RIG2,20251110,16(Length),7,17.1,10.4
RIG2,20251110,16(Length),8,16.85,9.67
RIG2,20251110,16(Length),9,17.96,9.27
RIG5,20251110,12(Length),1,10.99,6.87
RIG5,20251110,12(Length),2,10.83,6.35
RIG5,20251110,12(Length),3,9.36,5.5
RIG5,20251110,12(Length),4,4.78,2.69
RIG5,20251110,12(Length),5,5.91,3.79
RIG5,20251110,12(Length),6,3,2.04
RIG5,20251110,12(Length),7,10.15,5.59
RIG5,20251110,12(Length),8,8.59,5.46
RIG5,20251110,12(Length),9,9.63,5.82
RIG5,20251110,12(Length),10,6.14,3.37
BRP3,20251111,26(Length),1,17.24,11.14
BRP3,20251111,26(Length),2,13.77,9.74
BRP3,20251111,26(Length),3,16.87,10.85
BRP3,20251111,26(Length),4,16.32,10.56
RIP2,20251111,21(Length),1,12.15,7.72
RIP2,20251111,21(Length),2,7.34,5.09
RIP2,20251111,21(Length),3,8.37,5.54
RIP2,20251111,21(Length),4,9.92,6.32
RIP2,20251111,21(Length),5,8.24,5.18
RIP2,20251111,21(Length),6,8.58,4.92
RIP2,20251111,21(Length),7,8.83,5.46
RIP2,20251111,21(Length),8,7.53,4.92
RIP2,20251111,21(Length),9,8.73,5.71
RIP2,20251111,21(Length),10,9.75,6.89
RIP3,20251111,22(Length),1,6.92,4.82
RIP3,20251111,22(Length),2,8.87,5.98
RIP3,20251111,22(Length),3,5.96,3.94
RIP3,20251111,22(Length),4,10.76,6.87
RIP3,20251111,22(Length),5,13.77,9.08
RIP3,20251111,22(Length),6,9.76,6.22
RIP3,20251111,22(Length),7,10.25,6.73
RIP3,20251111,22(Length),8,10.41,6.94
RIP3,20251111,22(Length),9,12.41,7.86
RIP3,20251111,22(Length),10,11.18,7.39
RIP4,20251111,20(Length),1,6.26,4.01
RIP4,20251111,20(Length),2,10.57,6.77
RIP4,20251111,20(Length),3,12.88,8.36
RIP4,20251111,20(Length),4,9.86,6.36
RIP4,20251111,20(Length),5,10.96,6.93
RIP4,20251111,20(Length),6,12.19,8.06
RIP4,20251111,20(Length),7,7.01,4.78
RIP4,20251111,20(Length),8,5.93,4.1
RIP4,20251111,20(Length),9,8.22,5.14
RIP4,20251111,20(Length),10,12.01,7.47
RIP5,20251111,25(Length),1,6.15,3.72
RIP5,20251111,25(Length),2,7.07,4.49
RIP5,20251111,25(Length),3,7.62,5.17
RIP5,20251111,25(Length),4,13.26,8.79
RIP5,20251111,25(Length),5,11.42,7.31
RIP5,20251111,25(Length),6,11.41,7.22
RIP5,20251111,25(Length),7,8.47,5.96
RIP5,20251111,25(Length),8,10.92,6.53
RIP5,20251111,25(Length),9,7.54,5.14
RIP5,20251111,25(Length),10,10.71,6.93
RIR2,20251111,24(Length),1,10.01,6.21
RIR2,20251111,24(Length),2,10.67,6.7
RIR2,20251111,24(Length),3,5.94,3.95
RIR2,20251111,24(Length),4,7.01,4.72
RIR2,20251111,24(Length),5,12.5,8.22
RIR2,20251111,24(Length),6,6.59,4.34
RIR2,20251111,24(Length),7,8.83,6.05
RIR2,20251111,24(Length),8,7.84,5.25
RIR2,20251111,24(Length),9,12.61,8.19
RIR2,20251111,24(Length),10,10.97,7.01
RIR4,20251111,23(Length),1,8.67,5.69
RIR4,20251111,23(Length),2,9.69,6.1
RIR4,20251111,23(Length),3,8.5,5.35
RIR4,20251111,23(Length),4,8.88,5.5
RIR4,20251111,23(Length),5,11.38,6.75
RIR4,20251111,23(Length),6,8.34,5.59
RIR4,20251111,23(Length),7,10.03,6.1
RIR4,20251111,23(Length),8,9.98,6.61
RIR4,20251111,23(Length),9,11.75,7.66
RIR4,20251111,23(Length),10,12.75,8.76
BRP1,20251112,28(Length),1,5.16,3.18
BRP1,20251112,28(Length),2,4.47,2.6
BRP1,20251112,28(Length),3,7.95,4.97
BRP1,20251112,28(Length),4,10.45,5.99
BRP1,20251112,28(Length),5,8.89,5.37
BRP1,20251112,28(Length),6,10.14,5.74
BRP1,20251112,28(Length),7,5.44,3.05
BRP1,20251112,28(Length),8,10.33,6.2
BRP1,20251112,28(Length),9,8.73,5.09
BRP1,20251112,28(Length),10,12.62,7.63
BRP2,20251112,31(Length),1,8.15,5.09
BRP2,20251112,31(Length),2,3.38,2.24
BRP2,20251112,31(Length),3,7.78,4.75
BRP2,20251112,31(Length),4,5.32,3.37
BRP2,20251112,31(Length),5,9.21,5.44
BRP2,20251112,31(Length),6,10.32,6.4
BRP2,20251112,31(Length),7,9.97,6.08
BRP2,20251112,31(Length),8,12.17,7.42
BRP2,20251112,31(Length),9,12.89,7.8
BRP2,20251112,31(Length),10,12.5,7.84
BRP4,20251112,29(Length),1,11.2,6.85
BRP4,20251112,29(Length),2,9.41,5.55
BRP4,20251112,29(Length),3,6.96,4.11
BRP4,20251112,29(Length),4,6.41,3.69
BRP4,20251112,29(Length),5,11.95,7.2
BRP4,20251112,29(Length),6,10.61,6.91
BRP4,20251112,29(Length),7,14.09,8.65
BRP4,20251112,29(Length),8,11.11,7.01
BRP4,20251112,29(Length),9,14.17,8.52
BRP4,20251112,29(Length),10,11.95,7.49
BRP6,20251112,35(Length),1,8.24,5.02
BRP6,20251112,35(Length),2,7.63,4.72
BRP6,20251112,35(Length),3,6.94,4.35
BRP6,20251112,35(Length),4,4.23,2.59
BRP6,20251112,35(Length),5,9.51,5.36
BRP6,20251112,35(Length),6,13.23,7.65
BRP6,20251112,35(Length),7,11.31,6.54
BRP6,20251112,35(Length),8,13.38,7.72
BRP6,20251112,35(Length),9,15.03,8.56
BRP6,20251112,35(Length),10,12.98,7.82
BRR2,20251112,36(Length),1,5.88,3.57
BRR2,20251112,36(Length),2,7.4,4.2
BRR2,20251112,36(Length),3,5.55,3.23
BRR2,20251112,36(Length),4,9.98,6.25
BRR2,20251112,36(Length),5,9.73,6.25
BRR2,20251112,36(Length),6,9.35,5.65
BRR2,20251112,36(Length),7,10.66,6.37
BRR2,20251112,36(Length),8,11.98,7.77
BRR2,20251112,36(Length),9,9.48,6.03
BRR2,20251112,36(Length),10,11.66,7.03
BRR3,20251112,34(Length),1,8.24,5.02
BRR3,20251112,34(Length),2,6.4,3.82
BRR3,20251112,34(Length),3,4.52,2.95
BRR3,20251112,34(Length),4,11.41,6.85
BRR3,20251112,34(Length),5,10.69,6.77
BRR3,20251112,34(Length),6,13.33,7.88
BRR3,20251112,34(Length),7,14.02,8.68
BRR3,20251112,34(Length),8,10.68,6.86
BRR3,20251112,34(Length),9,11.5,6.9
BRR3,20251112,34(Length),10,8.5,5.44
BRR4,20251112,38(Length),1,7.04,4.12
BRR4,20251112,38(Length),2,7.99,4.82
BRR4,20251112,38(Length),3,7.38,4.35
BRR4,20251112,38(Length),4,10.98,6.98
BRR4,20251112,38(Length),5,10.73,6.25
BRR4,20251112,38(Length),6,11.44,7.37
BRR4,20251112,38(Length),7,9.05,5.89
BRR4,20251112,38(Length),8,13.19,8.55
BRR4,20251112,38(Length),9,13.04,8.07
BRR4,20251112,38(Length),10,14.4,8.81
CRB3,20251112,27(Length),1,6.7,4.09
CRB3,20251112,27(Length),2,9.91,5.51
CRB3,20251112,27(Length),3,8.5,4.84
CRB3,20251112,27(Length),4,7.17,4.47
CRB3,20251112,27(Length),5,8.77,5.14
CRB3,20251112,27(Length),6,5.18,3.21
CRB3,20251112,27(Length),7,9.74,5.72
CRB3,20251112,27(Length),8,11.5,6.86
CRB3,20251112,27(Length),9,11.7,6.84
CRB3,20251112,27(Length),10,10.3,6.48
CRB3,20251112,32(Length),1,10.31,6.05
CRB3,20251112,32(Length),2,8.7,4.91
CRB3,20251112,32(Length),3,6.06,3.37
CRB3,20251112,32(Length),4,8.7,4.76
CRB3,20251112,32(Length),5,7.34,4.24
CRB3,20251112,32(Length),6,7.42,4.26
CRB3,20251112,32(Length),7,10.83,6.6
CRB3,20251112,32(Length),8,12.8,7.32
CRB3,20251112,32(Length),9,9.8,5.91
CRB3,20251112,32(Length),10,9.82,5.76
CRP1,20251112,33(Length),1,4.85,3.37
CRP1,20251112,33(Length),2,8.02,4.41
CRP1,20251112,33(Length),3,10.54,6.5
CRP1,20251112,33(Length),4,9.42,5.89
CRP1,20251112,33(Length),5,7.62,4.68
CRP1,20251112,33(Length),6,8.42,4.91
CRP1,20251112,33(Length),7,9.73,5.71
CRP1,20251112,33(Length),8,5.48,3.63
CRP1,20251112,33(Length),9,9.07,5.28
CRP1,20251112,33(Length),10,12.22,7.25
RIB4,20251112,30(Length),1,5.65,3.48
RIB4,20251112,30(Length),2,5.23,3.26
RIB4,20251112,30(Length),3,5.58,3.28
RIB4,20251112,30(Length),4,9.91,5.57
RIB4,20251112,30(Length),5,7.91,4.88
RIB4,20251112,30(Length),6,8.68,5.35
RIB4,20251112,30(Length),7,12.55,7.8
RIB4,20251112,30(Length),8,9.54,5.53
RIB4,20251112,30(Length),9,11.68,7.29
RIB4,20251112,30(Length),10,13.75,8.24
RIG4,20251112,37(Length),1,7.88,4.6
RIG4,20251112,37(Length),2,5.65,3.18
RIG4,20251112,37(Length),3,6.75,3.89
RIG4,20251112,37(Length),4,5.38,3.48
RIG4,20251112,37(Length),5,9.46,6.05
RIG4,20251112,37(Length),6,8.13,5.29
RIG4,20251112,37(Length),7,8.33,5.14
RIG4,20251112,37(Length),8,8.76,5.22
RIG4,20251112,37(Length),9,10.57,6.31
RIG4,20251112,37(Length),10,11.62,7.85
BRB2,20251113,43(Length),1,6.62,4.11
BRB2,20251113,43(Length),2,7.96,4.85
BRB2,20251113,43(Length),3,7.73,4.93
BRB2,20251113,43(Length),4,6.81,4.26
BRB2,20251113,43(Length),5,9.1,5.47
BRB2,20251113,43(Length),6,8.04,5.16
BRB2,20251113,43(Length),7,10.2,6.4
BRB2,20251113,43(Length),8,11.93,7.32
BRB2,20251113,43(Length),9,12.28,7.3
BRB2,20251113,43(Length),10,10.7,6.43
CRP2,20251113,40(Length),1,7.87,4.97
CRP2,20251113,40(Length),2,6.79,4.4
CRP2,20251113,40(Length),3,5.77,3.7
CRP2,20251113,40(Length),4,8.83,5.86
CRP2,20251113,40(Length),5,8.79,5.26
CRP2,20251113,40(Length),6,10.66,6.73
CRP2,20251113,40(Length),7,9.17,5.81
CRP2,20251113,40(Length),8,10.81,6.77
CRP2,20251113,40(Length),9,12.14,8.04
CRP2,20251113,40(Length),10,11.88,7.52
CRP3,20251113,45(Length),1,8.9,5.35
CRP3,20251113,45(Length),2,8.31,5.29
CRP3,20251113,45(Length),3,8.49,5.44
CRP3,20251113,45(Length),4,8.75,5.46
CRP3,20251113,45(Length),5,10.38,6.19
CRP3,20251113,45(Length),6,9.73,5.76
CRP3,20251113,45(Length),7,9.61,6.31
CRP3,20251113,45(Length),8,8.8,5.89
CRP3,20251113,45(Length),9,8.57,5.32
CRP3,20251113,45(Length),10,10.49,7.07
CRP4,20251113,41(Length),1,7.82,5.24
CRP4,20251113,41(Length),2,6.47,4.31
CRP4,20251113,41(Length),3,7.79,5.38
CRP4,20251113,41(Length),4,7.47,5.01
CRP4,20251113,41(Length),5,9.75,7.01
CRP4,20251113,41(Length),6,6.98,4.64
CRP4,20251113,41(Length),7,8.87,6.09
CRP4,20251113,41(Length),8,10.49,7.02
CRP4,20251113,41(Length),9,13.87,8.77
CRP4,20251113,41(Length),10,10.12,5.89
CRR4,20251113,44(Length),1,4.39,2.86
CRR4,20251113,44(Length),2,6.36,3.75
CRR4,20251113,44(Length),3,4.65,2.9
CRR4,20251113,44(Length),4,4.55,3.06
CRR4,20251113,44(Length),5,5.38,3.32
CRR4,20251113,44(Length),6,6.22,3.96
CRR4,20251113,44(Length),7,6.3,3.93
CRR4,20251113,44(Length),8,9.03,5.67
CRR4,20251113,44(Length),9,10.48,6.18
CRR4,20251113,44(Length),10,10.14,6.35
RIB1,20251113,39(Length),1,12.04,7.65
RIB1,20251113,39(Length),2,11.79,7.79
RIB1,20251113,39(Length),3,6.41,3.83
RIB1,20251113,39(Length),4,6.64,4.56
RIB1,20251113,39(Length),5,7.11,4.5
RIB1,20251113,39(Length),6,10.1,6.73
RIB1,20251113,39(Length),7,13.16,8.55
RIB1,20251113,39(Length),8,12.39,8.01
RIB1,20251113,39(Length),9,11.02,6.97
RIB1,20251113,39(Length),10,5.84,4.25
RIG3,20251113,46(Length),1,7.68,4.81
RIG3,20251113,46(Length),2,9.51,5.59
RIG3,20251113,46(Length),3,7.29,4.52
RIG3,20251113,46(Length),4,13.52,8.14
RIG3,20251113,46(Length),5,10.72,6.98
RIG3,20251113,46(Length),6,11.07,6.97
RIG3,20251113,46(Length),7,12.14,8.04
RIG3,20251113,46(Length),8,14.86,9.77
RIG3,20251113,46(Length),9,10.39,6.63
RIG3,20251113,46(Length),10,11.62,6.99
RIR5,20251113,42(Length),1,8.26,5.41
RIR5,20251113,42(Length),2,9.95,6.25
RIR5,20251113,42(Length),3,6.98,4.42
RIR5,20251113,42(Length),4,9.53,5.88
RIR5,20251113,42(Length),5,10.75,6.92
RIR5,20251113,42(Length),6,9.11,5.65
RIR5,20251113,42(Length),7,11.27,7.29
RIR5,20251113,42(Length),8,10.9,7.2
RIR5,20251113,42(Length),9,11.28,6.7
RIR5,20251113,42(Length),10,9.59,6.03
CRB4,20251115,51(Length),1,3.52,2.27
CRB4,20251115,51(Length),2,6.03,3.68
CRB4,20251115,51(Length),3,4.26,2.89
CRB4,20251115,51(Length),4,9.08,5.77
CRB4,20251115,51(Length),5,11.55,7.11
CRB4,20251115,51(Length),6,8.96,5.86
CRB4,20251115,51(Length),7,10.66,7.08
CRB4,20251115,51(Length),8,11.65,7.07
CRB4,20251115,51(Length),9,9.67,5.52
CRB4,20251115,51(Length),10,15.35,9.37
CRG5,20251115,50(Length),1,5.52,3.42
CRG5,20251115,50(Length),2,3.15,2.01
CRG5,20251115,50(Length),3,2.94,2.01
CRG5,20251115,50(Length),4,4.18,2.35
CRG5,20251115,50(Length),5,6.51,4.07
CRG5,20251115,50(Length),6,8.73,5.76
CRG5,20251115,50(Length),7,9.93,5.76
CRG5,20251115,50(Length),8,10.76,6.75
CRG5,20251115,50(Length),9,11.96,7.11
CRG5,20251115,50(Length),10,12.5,7.59
CRP6,20251115,49(Length),1,5.15,3.31
CRP6,20251115,49(Length),2,6.6,4.21
CRP6,20251115,49(Length),3,4.65,3.11
CRP6,20251115,49(Length),4,9.75,6.17
CRP6,20251115,49(Length),5,8.59,5.3
CRP6,20251115,49(Length),6,8.93,5.52
CRP6,20251115,49(Length),7,12.31,7.54
CRP6,20251115,49(Length),8,11.78,6.87
CRP6,20251115,49(Length),9,13.78,8.6
CRP6,20251115,49(Length),10,13.97,8.65
CRR6,20251115,48(Length),1,6.53,3.74
CRR6,20251115,48(Length),2,3.59,2.08
CRR6,20251115,48(Length),3,14.14,8.24
CRR6,20251115,48(Length),4,14.67,9.29
CRR6,20251115,48(Length),5,11.36,7.29
CRR6,20251115,48(Length),6,13.53,7.98
CRR6,20251115,48(Length),7,11.86,6.58
CRR6,20251115,48(Length),8,17.85,10.61
CRR6,20251115,48(Length),9,12.53,7.2
CRR6,20251115,48(Length),10,16.52,9.24
RIP6,20251115,47(Length),1,6.26,3.67
RIP6,20251115,47(Length),2,4.44,2.6
RIP6,20251115,47(Length),3,4.93,2.83
RIP6,20251115,47(Length),4,10.36,5.5
RIP6,20251115,47(Length),5,9.92,6.19
RIP6,20251115,47(Length),6,10.65,6.6
RIP6,20251115,47(Length),7,8.43,5.1
RIP6,20251115,47(Length),8,11.08,7.35
RIP6,20251115,47(Length),9,10.8,5.88
RIP6,20251115,47(Length),10,10.87,6.27
RIR3,20251115,52(Length),1,4.95,3.08
RIR3,20251115,52(Length),2,4.59,2.78
RIR3,20251115,52(Length),3,4.2,2.56
RIR3,20251115,52(Length),4,9.15,5.36
RIR3,20251115,52(Length),5,9.47,6.12
RIR3,20251115,52(Length),6,9.03,5.55
RIR3,20251115,52(Length),7,9.22,6.04
RIR3,20251115,52(Length),8,12.43,7.81
RIR3,20251115,52(Length),9,12.48,7.13
RIR3,20251115,52(Length),10,9.62,5.72
